﻿<?xml version="1.0" encoding="UTF-8"?>
<!-- 导出时间：2016/9/27 10:44:24-->
<plist>
<dict>
  <key>1</key>
  <string>无情妮娜</string>
  <key>2</key>
  <string>精英莎</string>
  <key>3</key>
  <string>凯瑟琳</string>
  <key>4</key>
  <string>寻梦珍尼丝</string>
  <key>5</key>
  <string>娜风铃</string>
  <key>6</key>
  <string>莎莎</string>
  <key>7</key>
  <string>哈利美人</string>
  <key>8</key>
  <string>梅昆蒂娜</string>
  <key>9</key>
  <string>繁华穆琳</string>
  <key>10</key>
  <string>梅星星</string>
  <key>11</key>
  <string>卡尔朱蒂</string>
  <key>12</key>
  <string>卑弥呼沫沫</string>
  <key>13</key>
  <string>神圣泪</string>
  <key>14</key>
  <string>卡尔淑女</string>
  <key>15</key>
  <string>慕容沙伦</string>
  <key>16</key>
  <string>哈利琪琪</string>
  <key>17</key>
  <string>春野小丫</string>
  <key>18</key>
  <string>古墓洛兰</string>
  <key>19</key>
  <string>旋律琳</string>
  <key>20</key>
  <string>独恋奥德丽</string>
  <key>21</key>
  <string>天道爱莉丝</string>
  <key>22</key>
  <string>莎黛西</string>
  <key>23</key>
  <string>独恋月影</string>
  <key>24</key>
  <string>挚爱香远</string>
  <key>25</key>
  <string>潇洒小仙</string>
  <key>26</key>
  <string>红尘暗香</string>
  <key>27</key>
  <string>纳兰么么</string>
  <key>28</key>
  <string>优雅百丽儿</string>
  <key>29</key>
  <string>查理纳塔利</string>
  <key>30</key>
  <string>记忆小静</string>
  <key>31</key>
  <string>迪克朱莉</string>
  <key>32</key>
  <string>冷希尔达</string>
  <key>33</key>
  <string>盖伊茉莉</string>
  <key>34</key>
  <string>迪克扶子</string>
  <key>35</key>
  <string>恋莎</string>
  <key>36</key>
  <string>寂寞黛芙妮</string>
  <key>37</key>
  <string>天道洛兰</string>
  <key>38</key>
  <string>旋律小羽</string>
  <key>39</key>
  <string>查理阿修罗</string>
  <key>40</key>
  <string>无情波特</string>
  <key>41</key>
  <string>迪克巴神</string>
  <key>42</key>
  <string>回忆一户</string>
  <key>43</key>
  <string>专属朱恩</string>
  <key>44</key>
  <string>慕容波比</string>
  <key>45</key>
  <string>乔善良</string>
  <key>46</key>
  <string>善良布莱兹</string>
  <key>47</key>
  <string>优雅晓林</string>
  <key>48</key>
  <string>寻梦洛兰</string>
  <key>49</key>
  <string>纳兰清景</string>
  <key>50</key>
  <string>伊凡阳阳</string>
  <key>51</key>
  <string>哈利波特</string>
  <key>52</key>
  <string>旋律颓废</string>
  <key>53</key>
  <string>诸葛神气</string>
  <key>54</key>
  <string>巅峰厄休拉</string>
  <key>55</key>
  <string>温柔浮云</string>
  <key>56</key>
  <string>乔鸣人</string>
  <key>57</key>
  <string>单身笨笨</string>
  <key>58</key>
  <string>boy绅士</string>
  <key>59</key>
  <string>大爱黑色</string>
  <key>60</key>
  <string>查理圈圈</string>
  <key>61</key>
  <string>荣耀冷风</string>
  <key>62</key>
  <string>卡尔王子</string>
  <key>63</key>
  <string>梅麦兜</string>
  <key>64</key>
  <string>灵魂鸣人</string>
  <key>65</key>
  <string>单身希伯来</string>
  <key>66</key>
  <string>绝版浪子</string>
  <key>67</key>
  <string>查理罗伯塔</string>
  <key>68</key>
  <string>笑傲穆得</string>
  <key>69</key>
  <string>慕容帅帅</string>
  <key>70</key>
  <string>梦之大飞</string>
  <key>71</key>
  <string>潇洒墨尘</string>
  <key>72</key>
  <string>天使晓宇</string>
  <key>73</key>
  <string>旗木冷风</string>
  <key>74</key>
  <string>琼斯小神</string>
  <key>75</key>
  <string>马克斯·佩儿</string>
  <key>76</key>
  <string>杰米·玛格丽特</string>
  <key>77</key>
  <string>佩特·伊芳</string>
  <key>78</key>
  <string>道格拉斯·黛娜</string>
  <key>79</key>
  <string>密德尔顿·茉伊拉</string>
  <key>80</key>
  <string>杜瓦·罗伦</string>
  <key>81</key>
  <string>格兰汉·佩格</string>
  <key>82</key>
  <string>金斯利·凯瑟琳</string>
  <key>83</key>
  <string>菲利蒙·维多利亚</string>
  <key>84</key>
  <string>巴比·玛可欣</string>
  <key>85</key>
  <string>哥尔斯密·亚莉克希</string>
  <key>86</key>
  <string>玛拉基·克莱曼婷</string>
  <key>87</key>
  <string>摩利·潘多拉</string>
  <key>88</key>
  <string>索耶·贝丝</string>
  <key>89</key>
  <string>牛顿·菲丽丝</string>
  <key>90</key>
  <string>玛拉基·卡萝</string>
  <key>91</key>
  <string>巴塞洛缪·诺拉</string>
  <key>92</key>
  <string>杰弗逊·安东妮儿</string>
  <key>93</key>
  <string>耶鲁·葛瑞丝</string>
  <key>94</key>
  <string>贺拉斯·弗朗西斯</string>
  <key>95</key>
  <string>马克斯韦·罗伯塔</string>
  <key>96</key>
  <string>福特·凯伦</string>
  <key>97</key>
  <string>贝蒂·鲁思</string>
  <key>98</key>
  <string>塞恩思伯·罗伯塔</string>
  <key>99</key>
  <string>伯克利·艾琳诺</string>
  <key>100</key>
  <string>凯洛格·费滋</string>
</dict>
</plist>
